{
  "critic_type": "v",
  "mean_reward": 211.37985244999996,
  "num_episodes": 100,
  "rewards": [
    292.126421,
    276.232506,
    276.821804,
    71.862541,
    118.996915,
    137.965625,
    275.294981,
    170.109457,
    133.873104,
    31.955092,
    251.976067,
    247.627704,
    250.773934,
    269.641547,
    31.168064,
    17.753392,
    265.350228,
    280.427433,
    246.288647,
    273.420419,
    283.099369,
    267.747203,
    255.839386,
    174.592421,
    148.073436,
    279.866939,
    26.614249,
    268.679753,
    123.653487,
    266.034206,
    252.469166,
    290.200427,
    287.135737,
    267.820763,
    157.201275,
    266.618744,
    249.01377,
    247.958166,
    267.411264,
    271.836066,
    91.611311,
    135.757735,
    252.446845,
    272.196578,
    198.113915,
    257.556597,
    0.200574,
    304.4065,
    291.306265,
    290.102418,
    262.821124,
    159.298336,
    29.572442,
    279.961303,
    274.261469,
    151.303758,
    283.896663,
    284.439524,
    138.880863,
    131.26317,
    248.077887,
    265.856377,
    181.627614,
    278.854988,
    283.917192,
    288.085325,
    165.079544,
    270.679401,
    254.061976,
    104.188505,
    262.928608,
    284.469367,
    285.679412,
    122.784788,
    259.05997,
    266.665904,
    265.779188,
    159.993417,
    263.25803,
    149.246245,
    25.974837,
    42.974485,
    282.68018,
    13.756573,
    129.455938,
    265.251321,
    252.748757,
    276.06542,
    253.81597,
    139.695991,
    247.717326,
    267.362706,
    116.6662,
    269.008558,
    280.198601,
    277.695131,
    253.642277,
    261.464074,
    26.868314,
    133.71975
  ],
  "seed": 0,
  "stage": "final_100",
  "std_reward": 85.36168939574594,
  "timesteps": 10000000
}