{
  "critic_type": "q",
  "mean_reward": 230.68468633999998,
  "num_episodes": 100,
  "rewards": [
    274.767098,
    238.423792,
    245.872439,
    254.827762,
    247.640613,
    283.46572,
    237.852883,
    254.744783,
    219.595144,
    238.304923,
    139.66809,
    271.163332,
    224.207796,
    -3.701694,
    137.875488,
    233.486413,
    281.144696,
    260.408095,
    81.981331,
    265.596455,
    254.935364,
    257.72841,
    244.989026,
    141.055954,
    255.03715,
    242.435362,
    280.401884,
    263.038168,
    -30.28534,
    255.179288,
    261.091453,
    268.197678,
    266.140934,
    236.825399,
    247.416725,
    276.505643,
    274.047675,
    268.63425,
    23.740766,
    257.423693,
    250.077316,
    243.98288,
    262.267042,
    287.057671,
    272.235228,
    241.284904,
    283.661008,
    284.023955,
    261.043678,
    287.056627,
    235.95148,
    286.489603,
    264.800248,
    238.843143,
    278.639184,
    247.217868,
    258.931295,
    236.588059,
    187.463655,
    257.816791,
    131.640128,
    247.320015,
    244.658108,
    274.08787,
    272.175928,
    264.55124,
    215.113545,
    262.829684,
    91.642429,
    257.627018,
    138.153911,
    269.007845,
    218.094842,
    230.154666,
    268.100955,
    268.572325,
    267.444504,
    148.442526,
    247.635207,
    267.346818,
    242.098802,
    128.662702,
    293.215239,
    274.379174,
    207.475407,
    241.655331,
    251.791767,
    148.890962,
    273.939,
    243.768335,
    228.39134,
    258.047455,
    246.297602,
    254.208047,
    152.1816,
    120.720922,
    279.184943,
    270.042806,
    266.430007,
    5.191353
  ],
  "seed": 0,
  "stage": "final_100",
  "std_reward": 65.5921183650705,
  "timesteps": 10000000
}