{
  "critic_type": "v",
  "mean_reward": 244.76016069999997,
  "num_episodes": 100,
  "rewards": [
    297.658713,
    240.958426,
    278.163195,
    244.822507,
    272.491823,
    271.95692,
    267.292407,
    267.943112,
    83.396066,
    8.757172,
    266.68272,
    244.524308,
    147.817871,
    118.094283,
    277.134334,
    249.421668,
    272.695854,
    293.131363,
    247.704336,
    260.925326,
    272.901494,
    252.698236,
    289.765515,
    286.162611,
    265.62942,
    277.607441,
    272.379654,
    101.572433,
    290.649011,
    239.652377,
    131.979048,
    292.277842,
    266.538001,
    169.149244,
    142.018249,
    291.418966,
    139.990418,
    239.80169,
    241.980353,
    303.393836,
    247.54094,
    303.574336,
    244.33389,
    132.696191,
    267.168462,
    127.221133,
    274.437998,
    249.846859,
    279.633754,
    284.412768,
    245.035507,
    261.570358,
    242.50186,
    316.522922,
    272.126431,
    252.19272,
    271.832414,
    290.533962,
    126.258999,
    263.097876,
    285.086308,
    265.439666,
    254.219919,
    249.369094,
    264.006613,
    281.199967,
    273.249764,
    242.283863,
    267.111911,
    268.029038,
    261.783321,
    259.217049,
    257.830279,
    279.374419,
    261.632845,
    138.159506,
    290.587798,
    260.708181,
    277.777109,
    131.957497,
    279.529751,
    282.304765,
    253.676539,
    266.112427,
    261.696127,
    263.721841,
    264.002968,
    142.593817,
    265.72266,
    278.986853,
    159.478265,
    274.782282,
    267.192328,
    290.802391,
    277.806423,
    282.901686,
    254.666861,
    300.931717,
    129.704947,
    278.699652
  ],
  "seed": 1,
  "stage": "final_100",
  "std_reward": 58.01347759886362,
  "timesteps": 10000000
}