{
  "critic_type": "q",
  "mean_reward": 165.4275936,
  "num_episodes": 100,
  "rewards": [
    8.714555,
    242.707542,
    151.941566,
    139.003569,
    149.540482,
    13.616419,
    146.431567,
    253.257793,
    -15.620066,
    135.16416,
    141.871955,
    144.162103,
    249.037046,
    22.959461,
    127.858874,
    60.244427,
    252.467204,
    116.778727,
    134.196039,
    139.252384,
    228.936762,
    236.754846,
    243.961522,
    164.04234,
    136.612858,
    283.037933,
    249.468073,
    121.393821,
    236.39355,
    116.960483,
    145.339187,
    253.588202,
    145.36641,
    147.97229,
    13.057497,
    152.736111,
    148.231876,
    146.480399,
    147.649203,
    143.590579,
    133.229147,
    130.362722,
    251.33411,
    258.805824,
    235.729091,
    58.061678,
    117.108733,
    264.693491,
    3.267827,
    144.241743,
    263.3051,
    31.552464,
    150.993114,
    295.644074,
    112.019172,
    239.355443,
    128.470299,
    137.092933,
    13.49741,
    143.449784,
    131.204302,
    257.505069,
    33.050293,
    125.865658,
    268.277946,
    27.791959,
    258.340473,
    148.348578,
    253.121848,
    157.547156,
    163.073871,
    240.078617,
    238.109806,
    167.176803,
    209.327853,
    254.861068,
    157.593908,
    264.443858,
    154.809595,
    234.417751,
    134.832701,
    222.247574,
    149.584889,
    11.438061,
    122.980446,
    239.265358,
    147.385313,
    139.414424,
    139.538151,
    176.051087,
    278.896855,
    129.40375,
    222.196699,
    214.060236,
    152.857521,
    160.819318,
    250.447561,
    241.519325,
    229.912042,
    247.587729
  ],
  "seed": 1,
  "stage": "final_100",
  "std_reward": 75.68934417008876,
  "timesteps": 10000000
}