{
  "critic_type": "q",
  "mean_reward": 213.66166628000002,
  "num_episodes": 100,
  "rewards": [
    53.067547,
    221.362138,
    249.093584,
    291.445768,
    243.20374,
    225.046685,
    252.714023,
    235.751431,
    156.774692,
    47.098079,
    259.043445,
    138.526099,
    233.453348,
    276.790164,
    278.3962,
    123.725367,
    274.516531,
    263.348415,
    195.137861,
    256.62411,
    247.16158,
    241.71457,
    32.195001,
    275.127897,
    254.550954,
    -64.242756,
    244.700445,
    262.911379,
    205.801774,
    281.918465,
    229.994828,
    272.248183,
    250.694433,
    283.805521,
    235.498582,
    169.670258,
    162.298859,
    261.199165,
    293.15839,
    -25.379975,
    -28.454118,
    256.485275,
    257.417763,
    266.430383,
    -58.438754,
    257.656348,
    245.387796,
    211.385833,
    280.686572,
    291.161661,
    273.142758,
    232.078633,
    123.10485,
    268.817724,
    265.347865,
    255.128596,
    282.544663,
    253.272626,
    269.622167,
    -68.441167,
    249.714953,
    272.887693,
    147.784827,
    289.767612,
    17.930847,
    271.047156,
    322.78782,
    279.31653,
    244.324626,
    250.943012,
    277.538941,
    168.675878,
    253.952287,
    275.000559,
    231.399483,
    286.852498,
    27.952744,
    219.801529,
    218.370845,
    -88.525223,
    274.035012,
    286.7388,
    253.004901,
    254.290267,
    248.830639,
    276.273225,
    71.65345,
    -13.06244,
    248.988052,
    280.742432,
    260.387439,
    262.225557,
    227.545217,
    261.955968,
    264.526755,
    280.887317,
    270.691856,
    279.490724,
    292.536005,
    42.416581
  ],
  "seed": 2,
  "stage": "final_100",
  "std_reward": 96.82571955757322,
  "timesteps": 10000000
}