{
  "critic_type": "v",
  "mean_reward": 222.82396196000002,
  "num_episodes": 100,
  "rewards": [
    24.608242,
    255.68377,
    279.24535,
    269.407886,
    -5.550975,
    245.92571,
    269.287016,
    128.474085,
    296.141711,
    157.825969,
    262.158093,
    175.457186,
    275.557104,
    285.248651,
    9.519758,
    274.619653,
    286.761487,
    239.435166,
    216.302129,
    251.754157,
    261.556976,
    232.24539,
    275.687581,
    140.852921,
    290.236851,
    294.654516,
    288.697923,
    243.265799,
    233.445518,
    153.048829,
    273.827045,
    160.399212,
    260.196111,
    296.641833,
    -10.252031,
    246.878445,
    97.121327,
    258.260522,
    260.787888,
    277.377395,
    -1.924282,
    140.594444,
    262.522692,
    241.473026,
    284.51189,
    262.673711,
    245.877057,
    283.797178,
    230.619989,
    262.449844,
    253.417393,
    234.198394,
    237.18919,
    283.970442,
    166.388942,
    263.767387,
    127.868462,
    288.154826,
    138.40447,
    249.115535,
    151.947294,
    290.765671,
    276.157415,
    251.290146,
    250.557528,
    284.929834,
    250.88593,
    -0.684653,
    287.502665,
    276.303752,
    254.826333,
    189.597913,
    274.50079,
    142.844395,
    274.600366,
    239.224661,
    233.122444,
    16.613885,
    271.49963,
    244.848414,
    262.998227,
    262.146846,
    253.403058,
    242.110044,
    257.980417,
    271.785565,
    246.389996,
    260.725442,
    257.826938,
    39.772501,
    253.684881,
    240.27966,
    146.030441,
    260.630496,
    284.361419,
    240.66497,
    277.628944,
    54.422754,
    268.222426,
    252.133969
  ],
  "seed": 2,
  "stage": "final_100",
  "std_reward": 79.48650884866976,
  "timesteps": 10000000
}